{"macro_precision": 0.6986658181026297, "macro_recall": 0.7132266894318757, "macro_f1": 0.6950585461173321, "part_precision": [0.7593582887700535, 0.6842105263157895, 0.7545454545454545, 0.5882352941176471, 0.6230366492146597, 0.782608695652174], "part_recall": [0.6283185840707964, 0.8571428571428571, 0.6509803921568628, 0.9210526315789473, 0.595, 0.6268656716417911], "part_f1": [0.6876513317191283, 0.7609756097560976, 0.6989473684210527, 0.717948717948718, 0.6086956521739131, 0.696132596685083], "loss": 0.8728103041648865, "accuracy": 0.6836158037185669}